,Name,sigma0,sigma_global,MV,Re,mV0,re
0,AU010,8,6.1,-7.595,2.05,16.86547301,0.542106222
1,B005-G052,17.3,13.3,-9.295,2.269999981,15.16547301,0.60028347
2,B006-G058,13.1,10.6,-9.395,1.862087137,15.06547301,0.492414157
3,B008-G060,7.6,6.1,-8.57,3.18,15.89047301,0.840925749
4,B010-G062,6.7,5.6,-8.395,6.66,16.06547301,1.761184115
5,B012-G064,20.4,16.1,-9.77,3.614098626,14.69047301,0.955719683
6,B013-G065,5,4.2,-7.795,6.53,16.66547301,1.726806647
7,B017-G070,13.2,10.4,-9.87,3.089999914,14.59047301,0.817125941
8,B019-G072,19.3,15.3,-10.17,2.670000076,14.29047301,0.706060318
9,B020-G073,16.9,13.7,-9.72,3.169567463,14.74047301,0.838166947
10,B020D-G089,7.6,5.9,-8.52,2.78,15.94047301,0.735148925
11,B021-G075,5.7,4.5,-8.42,2.900000095,16.04047301,0.766881997
12,B023-G078,33,27.2,-11.37,3.539973411,13.09047301,0.936117859
13,B025-G084,10,8.4,-8.77,1.690000057,15.69047301,0.446907095
14,B026-G086,5.4,4.5,-7.795,2.369999886,16.66547301,0.62672765
15,B027-G087,13.6,11.1,-9.395,2.985382619,15.06547301,0.789460728
16,B028-G088,6.7,5.6,-8.17,2.410000086,16.29047301,0.637305386
17,B029-G090,7.1,5.6,-8.645,4.99,15.81547301,1.319565876
18,B030-G091,8.9,7.3,-9.12,1.972422736,15.34047301,0.52159153
19,B031-G092,6.4,5.4,-7.695,1.799999952,16.76547301,0.475995694
20,B035,6.9,5.5,-7.645,1.299999952,16.81547301,0.343774664
21,B036,6.6,5.4,-7.92,1.889999986,16.54047301,0.499795488
22,B038-G098,12.9,10.8,-9.195,1.940000057,15.26547301,0.51301761
23,B039-G101,15.4,12.2,-10.145,2.75999999,14.31547301,0.729860081
24,B042-G104,24.9,20,-10.72,2.037042078,13.74047301,0.538679602
25,B045-G108,10.6,8.7,-9.245,2.857590543,15.21547301,0.755667128
26,B045D,2.6,2.1,-6.77,1.18,17.69047301,0.31204163
27,B050-G113,8.9,7,-8.495,1.74000001,15.96547301,0.460129186
28,B056-G117,6.9,5.7,-7.92,1.89,16.54047301,0.499795492
29,B057-G118,6,4.7,-7.195,2.68,17.26547301,0.708704719
30,B058-G119,23,18.7,-9.895,2.328091258,14.56547301,0.615645246
31,B060-G121,8.2,6.9,-8.195,1.820000052,16.26547301,0.481284562
32,B063-G124,18.2,14.6,-10.145,2.387811283,14.31547301,0.631437733
33,B064D-NB6,11.3,8.4,-8.495,4.15,15.96547301,1.097434546
34,B065-G126,6.5,5.4,-8.145,2.670000076,16.31547301,0.706060318
35,B067-G129,8.2,6.2,-7.52,3.53,16.94047301,0.933480469
36,B068-G130,11.7,9.1,-9.445,2.588212915,15.01547301,0.684432353
37,B070-G133,10.6,8.4,-8.345,2.46,16.11547301,0.650527466
38,B073-G134,12,9.9,-8.895,1.41,15.56547301,0.372863304
39,B074-G135,7.1,5.9,-8.295,2.910000086,16.16547301,0.769526415
40,B075-G136,5.2,4.2,-7.895,4.86,16.56547301,1.285188408
41,B076-G138,9.3,7.3,-8.17,2.065380156,16.29047301,0.546173382
42,B080-G141,7,5.9,-9.02,3.73,15.44047301,0.986368881
43,B082-G144,28.2,22.7,-11.295,2.773320105,13.16547301,0.73338248
44,B083-G146,4,3.4,-8.52,4.980000019,15.94047301,1.31692146
45,B085-G147,7.5,5.9,-8.12,2.519999981,16.34047301,0.666393984
46,B086-G148,20.8,17,-9.77,2.99,14.69047301,0.790681757
47,B087D,6.6,5,-7.345,2.13,17.11547301,0.563261586
48,B088-G150,17.1,14.1,-10.545,3.872576449,13.91547301,1.024072091
49,B088D,4.3,3.6,-6.32,3.12,18.14047301,0.825059225
50,B090,5.7,4.4,-6.245,1.832314422,18.21547301,0.484540999
51,B091D-D058,20.9,17.2,-9.77,1.299999952,14.69047301,0.343774664
52,B093-G155,8.5,6.5,-8.82,2.72,15.64047301,0.719282401
53,B094-G156,12.9,10.4,-9.52,1.85,14.94047301,0.48921781
54,B095-G157,10.5,8.8,-9.695,2.960000038,14.76547301,0.782748506
55,B096-G158,13.7,10.1,-9.795,1.64,14.66547301,0.433684977
56,B097-G159,9.3,7.5,-8.72,1.94,15.74047301,0.513017595
57,B098,11.5,9.4,-8.795,1.210000038,15.66547301,0.319974902
58,B103-G165,18,14.6,-10.37,2.29,14.09047301,0.605572316
59,B104-NB5,6.7,5.1,-7.57,3.99,16.89047301,1.055123817
60,B107-G169,19.1,14.6,-9.345,2.79,15.11547301,0.737793345
61,B109-G170,9.5,7.7,-8.52,2.322736796,15.94047301,0.614229302
62,B110-G172,21.2,17.8,-9.595,2.172701179,14.86547301,0.574553574
63,B111-G173,10.2,8.4,-8.27,1.850000024,16.19047301,0.489217816
64,B112-G174,11.4,9,-8.295,2.16,16.16547301,0.571194848
65,B114-G175,3.9,3.3,-7.52,1.610645635,16.94047301,0.425922449
66,B115-G177,13.6,11,-8.72,1.774189481,15.74047301,0.46917032
67,B116-G178,16.8,13.5,-9.87,1.78,14.59047301,0.470706866
68,B117-G176,10,7.5,-7.82,2.98,16.64047301,0.788037337
69,B119-NB14,6.6,5.1,-7.645,5.06,16.81547301,1.33807682
70,B123-G182,7.4,5.8,-7.295,1.770108958,17.16547301,0.468091258
71,B124-NB10,27.4,22.8,-9.92,1.644371723,14.54047301,0.434841045
72,B125-G183,9.5,6.7,-8.295,3.779999971,16.16547301,0.999590977
73,B126-G184,7.6,6,-7.745,2.3,16.71547301,
74,B127-G185,24.2,20.3,-10.445,2.564484037,14.01547301,0.67815744
75,B128-G187,9.3,7.1,-8.17,1.8,16.29047301,0.475995707
76,B130-G188,10.6,8.2,-8.97,2.89,15.49047301,0.764237551
77,B131-G189,19.2,15.3,-9.645,1.83,14.81547301,0.483928969
78,B132-NB15,6.2,5.1,-7.62,1.1,16.84047301,0.290886265
79,B134-G190,8,5.9,-8.195,6.32,16.26547301,1.671273815
80,B135-G192,16.8,13.5,-9.395,2.380000114,15.06547301,0.629372131
81,B138,11.7,9.2,-8.195,0.69,16.26547301,0.182465021
82,B140-G196,4.7,3.9,-7.22,3.78,17.24047301,0.999590984
83,B141-G197,8.4,6.3,-8.62,3.670000076,15.84047301,0.970502378
84,B143-G198,13.8,11.1,-8.92,1.393156803,15.54047301,0.368409254
85,B144,10.9,8.2,-8.42,1.4,16.04047301,0.370218883
86,B145,4.9,3.9,-6.52,2.2,17.94047301,0.58177253
87,B146,8.9,6.8,-8.02,2.48,16.44047301,0.655816307
88,B147-G199,10.8,8.4,-8.92,2.25943577,15.54047301,0.597489848
89,B148-G200,17,13.5,-9.57,1.91,14.89047301,0.505084333
90,B149-G201,10.3,8,-8.57,3.779999971,15.89047301,0.999590977
91,B150-G203,9.3,7.5,-8.42,2.08,16.04047301,0.550039483
92,B151-G205,26.9,22.7,-10.845,2.937649652,13.61547301,0.776838123
93,B152-G207,10.3,8,-8.92,2.26,15.54047301,0.597639054
94,B153,16.3,12.4,-8.97,1.43,15.49047301,0.378152145
95,B154-G208,7.3,6.1,-8.295,3.18,16.16547301,0.840925749
96,B155-G210,6.5,5.3,-6.945,1.10153931,17.51547301,0.291293323
97,B156-G211,7.2,5.6,-7.745,3.819442708,16.71547301,1.010021295
98,B157-G212,5.4,4.5,-7.145,2.59,17.31547301,0.684904934
99,B158-G213,25.5,20.1,-10.17,2.208004733,14.29047301,0.583889319
100,B160-G214,6.9,5.7,-6.62,1.845015419,17.84047301,0.487899677
101,B161-G215,11.1,8.6,-8.72,2.25,15.74047301,0.594994633
102,B162-G216,5.8,4.7,-7.92,2.529297996,16.54047301,0.668852771
103,B163-G217,21,16.3,-10.12,3,14.34047301,0.793326178
104,B164-V253,6.3,4.7,-7.395,1.74,17.06547301,0.460129183
105,B165-G218,8.4,6.4,-8.495,3.31,15.96547301,0.875303216
106,B167,8.4,6.5,-7.67,1.13,16.79047301,0.298819527
107,B168,10.1,7.8,-8.395,2.24000001,16.06547301,0.592350215
108,B169,8,6.3,-8.545,1.62,15.91547301,0.428396136
109,B170-G221,6,4.7,-7.72,1.679999948,16.74047301,0.444262646
110,B171-G222,16.9,13.6,-9.795,2.2,14.66547301,
111,B174-G226,14.9,12.4,-9.92,5.1,14.54047301,1.348654502
112,B176-G227,6.4,5,-7.995,5.989999771,16.46547301,1.584007875
113,B177-G228,4.9,4,-6.72,1.23,17.74047301,0.325263733
114,B179-G230,13.3,10.6,-9.42,2.69,15.04047301,0.711349139
115,B180-G231,10.5,8.8,-8.77,2.14,15.69047301,0.565906007
116,B181-G232,7.3,6,-7.945,2.170000076,16.51547301,0.573839289
117,B182-G233,20,15.7,-10.07,2.56,14.39047301,0.676971672
118,B183-G234,10.3,8,-9.07,2.619999886,15.39047301,0.692838165
119,B185-G235,15.2,11.9,-9.52,1.88,14.94047301,0.497151071
120,B187-G237,6.5,5.4,-8.295,3.119999886,16.16547301,0.825059195
121,B190-G241,8.1,6.4,-8.32,2.24000001,16.14047301,0.592350215
122,B193-G244,18.5,14.1,-9.845,1.92,14.61547301,0.507728754
123,B194-G243,7.7,6.1,-7.82,1.700000048,16.64047301,0.449551513
124,B196-G246,5,4.2,-7.77,3.296097122,16.69047301,0.871626711
125,B199-G248,4.8,3.8,-7.345,3.12,17.11547301,0.825059225
126,B201-G250,7.3,6.1,-8.645,4.9,15.81547301,1.295766091
127,B202-G251,4.8,3.9,-7.32,3.03,17.14047301,0.80125944
128,B203-G252,6.4,5.3,-8.295,3.39,16.16547301,0.896458581
129,B206-G257,16,13.3,-9.72,3.09,14.74047301,0.817125963
130,B208-G259,5.2,3.9,-7.07,4.519999981,17.39047301,1.195278103
131,B209-G261,9.2,7.7,-8.27,1.440000057,16.19047301,0.380796581
132,B211-G262,4.6,3.8,-8.095,2.480000019,16.36547301,0.655816312
133,B212-G263,13.1,10.5,-9.57,2.910000086,14.89047301,0.769526415
134,B213-G264,16.2,12.1,-8.145,1.71,16.31547301,0.452195921
135,B215-G266,7.8,5.8,-7.67,2.87,16.79047301,0.75894871
136,B217-G269,7.9,6.6,-8.345,2.390000105,16.11547301,0.632016549
137,B218-G272,20,15.2,-10.22,3.190000057,14.24047301,0.843570184
138,B219-G271,8.8,7,-8.595,2.150000095,15.86547301,0.568550453
139,B220-G275,7.1,6,-8.345,5.21,16.11547301,1.377743129
140,B221-G276,8,6.6,-8.495,2.88,15.96547301,0.761593131
141,B224-G279,9.9,8.3,-9.62,8.46,14.84047301,2.237179822
142,B225-G280,32,24.9,-10.77,2.167704105,13.69047301,0.573232137
143,B230-G283,10.4,8.2,-8.795,2.079999924,15.66547301,0.550039463
144,B231-G285,6.9,5.7,-7.47,1.330454418,16.99047301,0.351828106
145,B232-G286,14.3,11.5,-9.02,2.365919697,15.44047301,0.625648677
146,B234-G290,9.2,7.3,-7.92,1.548816619,16.54047301,0.409572256
147,B235-G297,9.1,7.1,-8.47,2.099999905,15.99047301,0.555328299
148,B236-G298,4,3.1,-7.095,3.126079367,17.36547301,0.826666865
149,B237-G299,7.1,5.6,-7.72,5.71999979,16.74047301,1.512608524
150,B238-G301,7.5,6,-8.545,3.460000038,15.91547301,0.914969535
151,B240-G302,13.7,10.9,-9.52,2.851018268,14.94047301,0.753929142
152,B257-V219,8.3,6.5,-8.745,2.6,15.71547301,0.687549354
153,B262,8.3,6.6,-6.895,1.51,17.56547301,0.39930751
154,B266,4.1,3.4,-7.795,2.84,16.66547301,0.751015448
155,B268,5.7,4.8,-6.395,0.829850768,18.06547301,0.219447446
156,B283-G296,3.7,3.1,-7.045,3.440000057,17.41547301,0.909680699
157,B335-V013,5.6,4.6,-8.595,5.46999979,15.86547301,1.446498009
158,B341-G081,8.2,6.5,-8.82,2.369999886,15.64047301,0.62672765
159,B350-G162,6.4,5.4,-8.095,4.619999886,16.36547301,1.221722284
160,B472-D064,18.5,15.3,-9.62,1.71,14.84047301,0.452195921
161,B515,2.9,2.4,-6.345,4.88,18.11547301,1.290477249
162,PHF6-1,7.6,5.9,-7.195,1.01,17.26547301,0.26708648
