,Name,E(B-V),D,Mass,mV,Re,Rhm,sigma0,sigma_global,(m-M)V,MV,re,mV0,,,,,,,,
0,NGC_104,0.04,4.52,853000,4.08,4.03,6.44,11.9,8.715283013,13.27569217,-9.319692174,183.9041922,3.956,,,,,,,,
1,NGC_288,0.03,8.99,96200,8.1,5.84,8.56,3.1,2.538636771,14.76879846,-6.761798459,133.9918019,8.007,,,,,,,,
2,NGC_362,0.05,8.83,252000,6.48,2.21,3.36,8.6,6.558137899,14.72980352,-8.404803518,51.62459935,6.325,,,,,,,,
4,NGC_1261,0.01,16.4,172000,8.31,3.25,4.86,5.7,4.505012512,16.07421924,-7.79521924,40.87564704,8.279,,,,,,,,
8,Pal_2,1.24,26.17,220000,12.64,4.82,7.64,5,4.063633892,17.08901861,-8.293018613,37.98992567,8.796,,,,,,,,
9,NGC_1851,0.02,11.95,283000,7.07,1.75,3.16,10.3,7.166375975,15.38683953,-8.378839526,30.20614296,7.008,,,,,,,,
10,NGC_1904,0.01,13.08,181000,7.94,2.58,4.33,6.7,4.896043322,15.58303872,-7.67403872,40.68525942,7.909,,,,,,,,
11,NGC_2298,0.14,9.83,49800,9.06,2.41,3.2,3.9,2.987373987,14.96276759,-6.336767589,50.56949879,8.626,,,,,,,,
12,NGC_2419,0.08,88.47,783000,10.56,19.76,26.37,5.1,4.126441845,19.73398014,-9.421980136,46.06976945,10.312,,,,,,,,
14,NGC_2808,0.22,10.06,791000,6.13,2.45,3.75,13.8,10.99822298,15.0129899,-9.564989904,50.23347568,5.448,,,,,,,,
17,NGC_3201,0.24,4.74,193000,6.77,5.17,8.68,4.5,3.570826134,13.37889171,-7.352891708,224.9765033,6.026,,,,,,,,
19,NGC_4147,0.02,18.54,45100,10.29,2.53,3.47,3.6,2.730067885,16.34054865,-6.112548649,28.14724685,10.228,,,,,,,,
20,NGC_4372,0.39,5.71,189000,7.37,5.77,8.34,4.4,3.604937914,13.78318054,-7.622180541,208.4321413,6.161,,,,,,,,
22,NGC_4590,0.05,10.4,128000,7.99,4.44,7.27,4,3.177515605,15.0851667,-7.250166696,88.05920039,7.835,,,,,,,,
23,NGC_4833,0.32,6.48,186000,7.19,3.26,4.58,6,4.825848078,14.05787503,-7.859875029,103.7690141,6.198,,,,,,,,
24,NGC_5024,0.02,18.5,502000,7.7,6.46,10.03,6.8,5.357365847,16.33585864,-8.697858642,72.02543752,7.638,,,,,,,,
26,NGC_5139,0.12,5.43,3940000,3.5,7.56,10.42,18,14.72530043,13.67399915,-10.54599915,287.1751248,3.128,,,,,,,,
27,NGC_5272,0.01,10.18,409000,6.39,3.4,5.47,8.2,6.548139207,15.03873889,-8.67973889,68.89001131,6.359,,,,,,,,
28,NGC_5286,0.24,11.1,424000,7.35,2.37,3.58,10.7,8.241216582,15.22661489,-8.620614894,44.04032283,6.606,,,,,,,,
30,NGC_5466,0,16.12,56100,9.32,9.55,13.75,1.9,1.529607464,16.03682519,-6.716825187,122.1978083,9.32,,,,,,,,
31,NGC_5634,0.05,25.96,247000,9.51,4.57,7.72,5.9,4.283410916,17.07152344,-7.716523441,36.31086883,9.355,,,,,,,,
32,NGC_5694,0.09,34.84,269000,9.86,3.08,4.35,9.3,5.954995316,17.71039073,-8.129390732,18.23466135,9.581,,,,,,,,
33,IC_4499,0.23,18.89,150000,9.84,10.26,14.96,2.9,2.3978927,16.38115979,-7.25415979,112.0315884,9.127,,,,,,,,
34,NGC_5824,0.13,31.71,746000,8.86,4.51,6.31,11.3,8.233882152,17.50598121,-9.04898121,29.33630621,8.457,,,,,,,,
36,NGC_5897,0.09,12.55,167000,8.48,7.62,10.9,3.6,2.964113977,15.49321863,-7.292218629,125.2380582,8.201,,,,,,,,
37,NGC_5904,0.03,7.48,392000,5.95,3.52,5.6,7.9,6.335763136,14.36950799,-8.512507989,97.06578401,5.857,,,,,,,,
38,NGC_5927,0.45,8.27,293000,7.74,3.11,5.92,6.6,5.327492776,14.58752755,-8.242527548,77.56753533,6.345,,,,,,,,
39,NGC_5946,0.54,9.64,113000,9.49,1.96,2.83,6.2,4.785153972,14.92038517,-7.10438517,41.93765712,7.816,,,,,,,,
40,NGC_5986,0.28,10.54,299000,7.7,2.84,4.35,8,6.27828286,15.11420305,-8.282203054,55.57799199,6.832,,,,,,,,
41,Lynga_7,0.73,7.9,67500,9.87,3.91,4.97,3.4,2.790767166,14.48813546,-6.881135456,102.088016,7.607,,,,,,,,
43,NGC_6093,0.18,10.34,321000,7.43,1.93,2.82,11.1,8.07937702,15.07260269,-8.200602694,38.50010362,6.872,,,,,,,,
44,NGC_6121,0.35,1.85,90400,5.65,2.5,3.95,4.7,3.622726768,11.33585864,-6.770858642,278.736055,4.565,,,,,,,,
45,NGC_6101,0.05,14.45,174000,8.68,9.59,13.87,3.3,2.682170035,15.79933924,-7.274339235,136.8912942,8.525,,,,,,,,
46,NGC_6144,0.36,8.15,84600,9.24,3.7,4.97,3.9,3.124330006,14.55578804,-6.431788044,93.64168475,8.124,,,,,,,,
47,NGC_6139,0.75,10.04,352000,8.97,1.85,2.49,11.7,9.003711503,15.00866856,-8.363668564,38.00696088,6.645,,,,,,,,
48,NGC_6171,0.33,5.63,61200,8.28,2.58,3.72,3.9,3.071525702,13.75254197,-6.495541974,94.52276427,7.257,,,,,,,,
49,NGC_6205,0.02,7.42,484000,5.81,3.47,5.21,8.9,7.298838125,14.35201953,-8.604019526,96.46075815,5.748,,,,,,,,
50,NGC_6229,0.01,30.11,247000,9.33,3.12,4.8,6.7,5.432225259,17.39355378,-8.094553778,21.37317148,9.299,,,,,,,,
51,NGC_6218,0.19,5.11,106000,7.09,2.72,4.08,4.7,3.859870763,13.5421045,-7.041104501,109.7926067,6.501,,,,,,,,
53,NGC_6235,0.31,11.94,96000,9.62,3.36,5.07,4.1,3.295198259,15.38502163,-6.726021634,58.04436605,8.659,,,,,,,,
54,NGC_6254,0.28,5.07,189000,6.61,2.99,4.75,6.2,4.776766473,13.5250398,-7.783039797,121.6433332,5.742,,,,,,,,
55,NGC_6256,1.09,7.24,111000,10.56,2.94,4.21,5.4,3.888394805,14.29869283,-7.117692831,83.75946092,7.181,,,,,,,,
57,NGC_6266,0.47,6.03,581000,6.6,1.74,2.91,14.8,10.70018988,13.90158656,-8.758586561,59.51919617,5.143,,,,,,,,
58,NGC_6273,0.38,8.34,719000,6.88,3.16,4.7,11.6,9.36624317,14.60583025,-8.903830253,78.15308832,5.702,,,,,,,,
59,NGC_6284,0.28,14.21,174000,8.99,2.94,4.04,6.8,4.969742126,15.76297039,-7.64097039,42.67547655,8.122,,,,,,,,
60,NGC_6287,0.6,7.93,130000,9.4,1.94,2.81,6.8,5.150725778,14.49636594,-6.956365937,50.46074604,7.54,,,,,,,,
61,NGC_6293,0.36,9.19,142000,8.4,2.21,3.18,7.5,5.060349638,14.81657756,-7.532577557,49.60230827,7.284,,,,,,,,
62,NGC_6304,0.54,6.15,103000,8.18,1.83,3.05,5.7,4.400668001,13.94437558,-7.438375579,61.37635517,6.506,,,,,,,,
63,NGC_6316,0.54,11.15,347000,9.01,3.15,6.08,7.6,5.720880293,15.23637434,-7.900374337,58.2721186,7.336,,,,,,,,
64,NGC_6341,0.02,8.5,273000,6.51,2.03,3.59,9.1,6.603649464,14.64709463,-8.199094629,49.26088808,6.448,,,,,,,,
65,NGC_6325,0.91,7.53,61900,10.9,1.72,2.38,5.3,3.861950995,14.38397488,-6.304974881,47.114935,8.079,,,,,,,,
66,NGC_6333,0.38,8.3,308000,7.65,2.74,3.81,8.6,6.808677802,14.59539046,-8.123390462,68.09223477,6.472,,,,,,,,
67,NGC_6342,0.46,8.01,37700,9.86,1.48,1.86,4.6,3.409291343,14.51816258,-6.08416258,38.11134953,8.434,,,,,,,,
68,NGC_6356,0.28,15.66,565000,8.32,3.99,7.73,8.1,6.474174333,15.97395879,-8.521958789,52.55405869,7.452,,,,,,,,
69,NGC_6355,0.77,8.65,99100,10.04,2.36,3.34,5.6,4.12490078,14.68508054,-7.032080537,56.27571453,7.653,,,,,,,,
70,NGC_6352,0.22,5.54,60200,8.06,3.23,4.8,3.4,2.681807121,13.71754882,-6.339548824,120.2590702,7.378,,,,,,,,
72,NGC_6366,0.71,3.44,46600,8.85,3.78,6.42,2.5,2.040212279,12.68279221,-6.033792213,226.6513529,6.649,,,,,,,,
73,HP_1,1.12,7,137000,11.07,3.1,4.19,5.4,4.330152431,14.2254902,-6.6274902,91.34583679,7.598,,,,,,,,
74,NGC_6362,0.09,7.65,117000,7.45,5.13,7.24,3.7,3.044202656,14.41830718,-7.247307176,138.3187317,7.171,,,,,,,,
76,NGC_6380,1.17,9.61,341000,10.7,3.14,4.42,8.3,6.651444437,14.91361694,-7.840616938,67.39557425,7.073,,,,,,,,
77,Ton_2,1.24,6.99,43100,11.66,2.86,4.26,3,2.408705744,14.22238588,-6.406385879,84.39446537,7.816,,,,,,,,
78,NGC_6388,0.37,11.17,1310000,6.82,2.61,5.37,16.3,11.82764872,15.24026587,-9.567265866,48.19616244,5.673,,,,,,,,
79,NGC_6402,0.6,9.14,595000,7.87,3.54,4.92,10.2,8.327714814,14.80473098,-8.794730979,79.88811571,6.01,,,,,,,,
80,NGC_6401,0.72,7.44,121000,9.97,2.31,3.17,6,4.678568223,14.35786468,-6.619864678,64.04189343,7.738,,,,,,,,
81,NGC_6397,0.18,2.48,82400,5.45,2.17,3.16,5.4,3.866962649,11.9722584,-7.080258404,180.4816594,4.892,,,,,,,,
82,Pal_6,1.46,7.05,85600,11.6,2.27,2.91,5.1,4.107147506,14.24094558,-7.166945585,66.41433957,7.074,,,,,,,,
83,NGC_6426,0.36,20.71,73100,11.13,5.2,7.88,2.8,2.306457691,16.58090049,-6.566900494,51.79029309,10.014,,,,,,,,
84,NGC_6440,1.07,8.25,569000,8.97,1.32,2.8,14,10.79510896,14.58226974,-8.929269743,33.00236872,5.653,,,,,,,,
85,NGC_6441,0.47,12.73,1390000,7.12,2.14,4.3,17.6,13.61517052,15.52414202,-9.861142018,34.67452327,5.663,,,,,,,,
86,NGC_6453,0.64,10.07,168000,9.19,2.76,3.87,7.1,4.989408597,15.01514735,-7.809147353,56.53335164,7.206,,,,,,,,
88,NGC_6496,0.15,9.64,74400,8.65,4.26,7.01,3,2.467046705,14.92038517,-6.73538517,91.15020928,8.185,,,,,,,,
89,NGC_6517,1.08,9.23,216000,10.69,1.7,2.88,9.2,6.558137899,14.82600851,-7.484008505,37.99026724,7.342,,,,,,,,
90,NGC_6522,0.48,7.29,214000,8.28,2.48,3.15,8.2,6.241680332,14.31363764,-7.521637642,70.16964331,6.792,,,,,,,,
91,NGC_6535,0.34,6.36,19800,10.1,2.7,3.43,2.5,1.819430404,14.01728558,-4.971285578,87.56524267,9.046,,,,,,,,
92,NGC_6528,0.54,7.83,94400,9.71,2.45,5.01,4.6,3.287131264,14.46880881,-6.43280881,64.54007137,8.036,,,,,,,,
93,NGC_6539,1.02,8.16,215000,9.94,3.69,5.16,6,4.888147383,14.55845079,-7.780450794,93.27415235,6.778,,,,,,,,
94,NGC_6540,0.66,5.91,56200,9.74,2.65,4.49,3.8,2.679136863,13.8579374,-6.163937404,92.48759728,7.694,,,,,,,,
95,NGC_6544,0.76,2.58,81500,7.86,1.54,2.24,6.3,4.567775049,12.05809853,-6.55409853,123.1192883,5.504,,,,,,,,
96,NGC_6541,0.14,7.61,257000,6.61,2.29,3.81,9.2,6.219478725,14.40692328,-8.230923284,62.0691711,6.176,,,,,,,,
97,NGC_6553,0.63,5.33,229000,8.04,2.3,2.88,8.5,6.752605995,13.63363605,-7.546636045,89.00732175,6.087,,,,,,,,
98,NGC_6558,0.44,7.79,31300,9.66,1.54,1.96,4.1,3.026175046,14.45768729,-6.161687288,40.77635398,8.296,,,,,,,,
99,IC_1276,1.08,4.55,74300,9.92,3.2,4.98,3.7,2.925025444,13.29005698,-6.718056983,145.0653343,6.572,,,,,,,,
100,NGC_6569,0.53,10.53,229000,8.9,2.6,3.46,7.6,6.160693524,15.11214186,-7.855141856,50.92958075,7.257,,,,,,,,
101,BH_261,0.36,6.12,23800,11.26,2.94,4.45,2.2,1.751291282,13.93375711,-3.789757111,99.08798754,10.144,,,,,,,,
102,NGC_6584,0.1,13.61,115000,8.76,3.47,5.37,4.4,3.50438401,15.66929063,-7.219290626,52.58918899,8.45,,,,,,,,
103,NGC_6624,0.28,8.02,103000,8.03,1.7,2.25,7,5.123624173,14.52087184,-7.358871841,43.72196576,7.162,,,,,,,,
104,NGC_6626,0.4,5.37,270000,6.85,1.61,2.33,10.4,8.151805975,13.64987143,-8.039871428,61.84102944,5.61,,,,,,,,
105,NGC_6638,0.41,9.78,124000,8.79,1.84,2.28,7,5.5846162,14.95169427,-7.432694274,38.80646616,7.519,,,,,,,,
106,NGC_6637,0.18,8.9,138000,7.62,2.41,3.19,6.3,4.980742783,14.74695003,-7.684950033,55.85372707,7.062,,,,,,,,
107,NGC_6642,0.4,8.05,39500,9.65,1.37,1.73,5,3.618473605,14.5289794,-6.118979402,35.10345116,8.41,,,,,,,,
108,NGC_6652,0.09,9.46,40900,8.92,1.46,1.85,4.8,3.560620619,14.87945568,-6.238455682,31.8336802,8.641,,,,,,,,
109,NGC_6656,0.34,3.3,470000,5.06,3.18,5.21,9.1,7.192501813,12.5925697,-8.586569699,198.7642063,4.006,,,,,,,,
110,Pal_8,0.32,11.32,71300,10.11,3.46,6.14,3.2,2.580539387,15.26923213,-6.151232134,63.04560136,9.118,,,,,,,,
111,NGC_6681,0.07,9.36,105000,7.91,2.16,3.04,6.5,4.450489394,14.85637924,-7.163379244,47.59956983,7.693,,,,,,,,
112,NGC_6712,0.45,7.38,95000,8.6,2.55,3.5,4.9,3.945278749,14.34028181,-7.135281809,71.27035705,7.205,,,,,,,,
113,NGC_6715,0.15,26.28,1590000,7.57,3.58,5.78,17.2,12.55985298,17.0981268,-9.993126804,28.098478,7.105,,,,,,,,
114,NGC_6717,0.22,7.52,26300,8.98,2.63,3.26,2.9,2.150893895,14.3810892,-6.083089203,72.13782158,8.298,,,,,,,,
115,NGC_6723,0.05,8.27,197000,7.21,3.64,5.07,5.9,4.720402657,14.58752755,-7.532527548,90.78643848,7.055,,,,,,,,
116,NGC_6749,1.5,7.59,205000,10.91,4.17,6.1,5.4,4.389973774,14.40120888,-8.141208879,113.3233406,6.26,,,,,,,,
117,NGC_6752,0.04,4.12,261000,5.35,2.86,4.75,7.7,5.613366023,13.07448608,-7.84848608,143.1837988,5.226,,,,,,,,
118,NGC_6760,0.77,8.41,286000,8.89,3.35,5.74,6.6,5.345360291,14.62397998,-8.120979979,82.16255225,6.503,,,,,,,,
119,NGC_6779,0.26,10.43,166000,8.15,2.96,4.42,5.8,4.640799675,15.09142154,-7.747421542,58.53727805,7.344,,,,,,,,
120,Pal_10,1.66,8.94,125000,12.37,4.03,6.91,3.9,3.220815856,14.75668759,-7.532687594,92.98066139,7.224,,,,,,,,
122,NGC_6809,0.08,5.35,197000,6.29,4.6,6.78,5,4.081954682,13.64176891,-7.59976891,177.3491355,6.042,,,,,,,,
124,NGC_6838,0.25,4,37800,7.16,3.32,4.81,2.6,2.122869388,13.01029996,-6.625299957,171.1997499,6.385,,,,,,,,
125,NGC_6864,0.16,20.52,459000,8.51,2.05,2.94,12.3,9.461992299,16.56088678,-8.546886782,20.60637677,8.014,,,,,,,,
126,NGC_6934,0.1,15.72,150000,8.74,2.96,4.71,5.5,4.273513583,15.98226271,-7.552262709,38.83866535,8.43,,,,,,,,
127,NGC_6981,0.05,16.66,81200,9.32,4.14,5.79,3.5,2.835885196,16.10837499,-6.943374985,51.25667949,9.165,,,,,,,,
128,NGC_7006,0.05,39.32,132000,10.69,4.31,6.59,4.2,3.38917638,17.97306755,-7.438067546,22.60939246,10.535,,,,,,,,
129,NGC_7078,0.1,10.71,518000,6.28,2.03,3.66,13.1,9.008951521,15.14894735,-9.178947354,39.0959432,5.97,,,,,,,,
130,NGC_7089,0.06,11.69,624000,6.48,3.05,4.76,11.1,8.670391965,15.33907256,-9.045072556,53.81588065,6.294,,,,,,,,
131,NGC_7099,0.03,8.46,121000,7.37,2.54,4.27,5.9,4.031147231,14.63685182,-7.359851815,61.92820238,7.277,,,,,,,,
