,Name,E(B-V),D,er_D,Mass,er_Mass,MLR,er_MLR,mV,er_mV,Re,Rhm,sigma0,sigma_global,er_sigma_global,(m-M)V,er_(m-M)V,MV,er_MV,re,er_re,mV0
0,NGC_104,0.04,4.52,0.03,853000.0,5350.0,1.87,0.09,4.08,0.05,4.03,6.44,11.9,8.715283013119961,0.02733104579143716,13.27569217405691,0.01441242749678933,-9.319692174056911,0.0520357383569236,183.904192237301,5.917647422080821e-06,3.956
1,NGC_288,0.03,8.99,0.09,96200.0,3750.0,2.22,0.12,8.1,0.04,5.84,8.56,3.1,2.5386367713736147,0.04947966680172066,14.768798458666144,0.021738878404500922,-6.761798458666144,0.045525584392577284,133.99180189547474,6.503329966184519e-06,8.007
2,NGC_362,0.05,8.83,0.1,252000.0,3910.0,1.28,0.04,6.48,0.03,2.21,3.36,8.6,6.558137898852295,0.05087761742958824,14.729803517887841,0.02459198651773793,-8.404803517887842,0.038791310894175826,51.62459935309009,2.8344633072442696e-06,6.325
4,NGC_1261,0.01,16.4,0.19,172000.0,3220.0,1.54,0.06,8.31,0.04,3.25,4.86,5.7,4.5050125122079985,0.042169012468923704,16.07421924023849,0.025157302305371294,-7.795219240238492,0.04725346399242959,40.87564704437053,2.2958803381534946e-06,8.279
8,Pal_2,1.24,26.17,1.28,220000.0,38900.0,1.26,0.23,12.64,0.06,4.82,7.64,5.0,4.063633892037551,0.35926217818241074,17.089018613199407,0.1062088148330459,-8.293018613199406,0.12198488573688229,37.989925673257964,9.008439119826204e-06,8.796000000000001
9,NGC_1851,0.02,11.95,0.13,283000.0,3630.0,1.48,0.06,7.07,0.04,1.75,3.16,10.3,7.1663759751277984,0.04596103319737439,15.386839526420783,0.023622712404779388,-8.378839526420784,0.04645462884749934,30.20614295833032,1.5931093301665074e-06,7.008
10,NGC_1904,0.01,13.08,0.18,181000.0,6880.0,1.81,0.1,7.94,0.04,2.58,4.33,6.7,4.896043322086677,0.09305187308275233,15.58303871994124,0.029882647837379706,-7.6740387199412385,0.04992967696443523,40.68525942017928,2.7144178726757293e-06,7.909000000000001
11,NGC_2298,0.14,9.83,0.17,49800.0,2930.0,1.7,0.11,9.06,0.03,2.41,3.2,3.9,2.987373986518139,0.08788158414154766,14.962767589160677,0.037553439432122485,-6.336767589160676,0.04806517255957885,50.56949878898915,4.239932104929792e-06,8.626000000000001
12,NGC_2419,0.08,88.47,2.4,783000.0,117000.0,1.61,0.24,10.56,0.03,19.76,26.37,5.1,4.126441844707684,0.3082973792022982,19.733980136357303,0.058907355971956836,-9.421980136357302,0.06610655480061595,46.069769454811116,6.059071895405436e-06,10.312000000000001
14,NGC_2808,0.22,10.06,0.11,791000.0,7740.0,1.38,0.05,6.13,0.04,2.45,3.75,13.8,10.99822298470471,0.05380925783920004,15.012989903599543,0.023743734100078375,-9.564989903599542,0.04651628649210107,50.23347567738078,2.662948590916243e-06,5.4479999999999995
17,NGC_3201,0.24,4.74,0.04,193000.0,3220.0,2.59,0.1,6.77,0.04,5.17,8.68,4.5,3.5708261340803285,0.029787720600359214,13.378891708370425,0.018324661683681506,-7.352891708370425,0.043997650230681466,224.9765032523535,9.204354447191975e-06,6.026
19,NGC_4147,0.02,18.54,0.21,45100.0,10900.0,1.89,0.46,10.29,0.04,2.53,3.47,3.6,2.730067885266015,0.3299084251596404,16.340548649042393,0.02459596580358222,-6.1125486490423935,0.04695701793993083,28.147246848214262,1.54568270739798e-06,10.228
20,NGC_4372,0.39,5.71,0.21,189000.0,6950.0,1.98,0.12,7.37,0.05,5.77,8.34,4.4,3.6049379138481084,0.06628126587630781,13.783180541229243,0.0798615071801076,-7.622180541229243,0.09422239823459376,208.43214132205333,3.7163999702573425e-05,6.161
22,NGC_4590,0.05,10.4,0.1,128000.0,5950.0,1.89,0.11,7.99,0.04,4.44,7.27,4.0,3.1775156051100524,0.07385241347814382,15.085166696493904,0.020879542399194796,-7.2501666964939036,0.045121561262879334,88.05920039396572,4.105028837602659e-06,7.835
23,NGC_4833,0.32,6.48,0.08,186000.0,4110.0,1.57,0.06,7.19,0.03,3.26,4.58,6.0,4.825848077987139,0.05331783763582565,14.057875029352967,0.026808301352052574,-7.859875029352967,0.04023288482550641,103.76901414141076,6.210941881777597e-06,6.198
24,NGC_5024,0.02,18.5,0.18,502000.0,8480.0,1.95,0.08,7.7,0.04,6.46,10.03,6.8,5.357365847221925,0.045249464526336575,16.33585864201507,0.02112783966015819,-8.697858642015069,0.04523699380711934,72.02543752426084,3.397516021084647e-06,7.638
26,NGC_5139,0.12,5.43,0.05,3940000.0,16700.0,2.8,0.1,3.5,0.04,7.56,10.42,18.0,14.725300429233886,0.031207172229467752,13.673999147944237,0.019995141892414907,-10.545999147944237,0.04471918714934123,287.1751248015219,1.2820096635407444e-05,3.128
27,NGC_5272,0.01,10.18,0.08,409000.0,6890.0,1.61,0.07,6.39,0.04,3.4,5.47,8.2,6.548139207416375,0.05515486447322595,15.0387388900037,0.017064616184803608,-8.6797388900037,0.043487942300535,68.89001131275866,2.624661492534315e-06,6.359
28,NGC_5286,0.24,11.1,0.14,424000.0,9310.0,1.77,0.06,7.35,0.03,2.37,3.58,10.7,8.241216581592003,0.0904784509134688,15.226614893933288,0.02738794030020507,-8.620614893933288,0.04062141398188395,44.04032282676462,2.6929631107369167e-06,6.606
30,NGC_5466,0.0,16.12,0.16,56100.0,7550.0,1.35,0.19,9.32,0.03,9.55,13.75,1.9,1.5296074643187827,0.10292813151164713,16.036825187345357,0.021553076024975273,-6.716825187345357,0.03693961404966711,122.1978082633992,5.880213934071498e-06,9.32
31,NGC_5634,0.05,25.96,0.62,247000.0,47700.0,2.37,0.48,9.51,0.07,4.57,7.72,5.9,4.283410916481091,0.4136006087371418,17.07152344064166,0.05186105138289986,-7.716523440641659,0.08711813043528759,36.310868829423285,4.204346488067224e-06,9.355
32,NGC_5694,0.09,34.84,0.74,269000.0,24700.0,1.79,0.26,9.86,0.12,3.08,4.35,9.3,5.954995316120054,0.2733984838441734,17.710390731678128,0.04612197425493775,-8.129390731678129,0.12855830003999408,18.234661354364242,1.87769971418249e-06,9.581
33,IC_4499,0.23,18.89,0.25,150000.0,25200.0,2.21,0.38,9.84,0.05,10.26,14.96,2.9,2.3978926995268623,0.20142298676025644,16.381159789609168,0.028738385515037834,-7.254159789609169,0.05767057136886141,112.03158835312179,7.188252523553539e-06,9.126999999999999
34,NGC_5824,0.13,31.71,0.6,746000.0,40700.0,1.99,0.17,8.86,0.07,4.51,6.31,11.3,8.233882151621083,0.22461059220574942,17.50598121013544,0.04108746281014681,-9.048981210135443,0.0811676019121866,29.33630620945757,2.6911338527461136e-06,8.456999999999999
36,NGC_5897,0.09,12.55,0.24,167000.0,9810.0,2.37,0.16,8.48,0.04,7.62,10.9,3.6,2.9641139773800536,0.08705975484460575,15.493218629085284,0.04152616560031092,-7.2922186290852835,0.05765780458415362,125.23805820389353,1.161123998539907e-05,8.201
37,NGC_5904,0.03,7.48,0.06,392000.0,4420.0,1.81,0.05,5.95,0.03,3.52,5.6,7.9,6.335763136382121,0.03571948094746043,14.369507989322308,0.017418227883820254,-8.512507989322309,0.03468997928239066,97.06578400992561,3.7747711049264364e-06,5.857
38,NGC_5927,0.45,8.27,0.11,293000.0,4720.0,1.74,0.07,7.74,0.04,3.11,5.92,6.6,5.327492776343876,0.04291086331799162,14.587527547762733,0.02888294619670961,-8.242527547762732,0.04933786153657272,77.56753533119863,5.001980492424572e-06,6.345000000000001
39,NGC_5946,0.54,9.64,0.51,113000.0,15800.0,1.91,0.3,9.49,0.08,1.96,2.83,6.2,4.785153972457153,0.3345373131186859,14.920385169514155,0.1148808017482668,-7.104385169514155,0.13999142334559136,41.937657123807384,1.0756529229413634e-05,7.816
40,NGC_5986,0.28,10.54,0.13,299000.0,5410.0,1.71,0.07,7.7,0.04,2.84,4.35,8.0,6.278282860003805,0.05679851216157288,15.114203054382639,0.02678286653103545,-8.282203054382638,0.048138570186693944,55.577991989086506,3.323383344869633e-06,6.832
41,Lynga_7,0.73,7.9,0.16,67500.0,9020.0,1.41,0.26,9.87,0.14,3.91,4.97,3.4,2.790767165908179,0.18646459138142057,14.488135456452206,0.04397918804083562,-6.881135456452206,0.1467452519870104,102.08801602183404,1.0024032154327738e-05,7.606999999999999
43,NGC_6093,0.18,10.34,0.12,321000.0,8920.0,1.97,0.08,7.43,0.03,1.93,2.82,11.1,8.07937702020355,0.11225551872307735,15.07260269378962,0.025200840342548457,-8.20060269378962,0.03918012702851559,38.50010362028827,2.1661945677818936e-06,6.872
44,NGC_6121,0.35,1.85,0.02,90400.0,1120.0,1.65,0.06,5.65,0.04,2.5,3.95,4.7,3.6227267684990148,0.022441670247339028,11.335858642015069,0.023475377400175766,-6.770858642015068,0.04637988081141092,278.7360549869946,1.4609177119837253e-05,4.565
45,NGC_6101,0.05,14.45,0.19,174000.0,31100.0,2.5,0.45,8.68,0.03,9.59,13.87,3.3,2.6821700350575215,0.23969967842037052,15.799339235462835,0.028552232374262226,-7.2743392354628345,0.041415335004728236,136.891294220859,8.72642424035796e-06,8.525
46,NGC_6144,0.36,8.15,0.13,84600.0,3930.0,2.66,0.16,9.24,0.04,3.7,4.97,3.9,3.124330006439247,0.07256865795098251,14.55578804369988,0.034636983219277745,-6.43178804369988,0.05291238613531361,93.64168474632832,7.241520582085638e-06,8.124
47,NGC_6139,0.75,10.04,0.45,352000.0,34300.0,1.88,0.23,8.97,0.08,1.85,2.49,11.7,9.003711503197573,0.43867514852226824,15.008668564045003,0.09732695062572873,-8.363668564045003,0.1259862505121215,38.006960880322936,8.258797198995518e-06,6.6450000000000005
48,NGC_6171,0.33,5.63,0.08,61200.0,1650.0,1.81,0.08,8.28,0.04,2.58,3.72,3.9,3.071525702435964,0.0414053709887201,13.75254197425673,0.03085573583682073,-6.49554197425673,0.050518080268668795,94.52276427456553,6.511676430681771e-06,7.257
49,NGC_6205,0.02,7.42,0.08,484000.0,6410.0,2.05,0.08,5.81,0.04,3.47,5.21,8.9,7.298838124695393,0.04833218221001804,14.352019526395136,0.023412101450310068,-8.604019526395136,0.046347885543135736,96.4607581536097,5.04210117785696e-06,5.747999999999999
50,NGC_6229,0.01,30.11,0.47,247000.0,81200.0,1.67,0.55,9.33,0.05,3.12,4.8,6.7,5.432225259450825,0.8929082815129695,17.393553777563795,0.03389545109507279,-8.094553777563796,0.06040613880176808,21.37317147750461,1.6174502681522692e-06,9.299
51,NGC_6218,0.19,5.11,0.05,106000.0,1890.0,1.89,0.08,7.09,0.04,2.72,4.08,4.7,3.8598707631174403,0.034411111991943216,13.542104500673563,0.021247283850452627,-7.041104500673564,0.04529290309774485,109.7926066546335,5.208311911597502e-06,6.5009999999999994
53,NGC_6235,0.31,11.94,0.38,96000.0,18000.0,2.3,0.44,9.62,0.04,3.36,5.07,4.1,3.295198259486425,0.3089248368268523,15.385021633966751,0.06910883715378378,-6.726021633966752,0.07985005555882979,58.044366054946394,8.95600208531714e-06,8.658999999999999
54,NGC_6254,0.28,5.07,0.06,189000.0,2960.0,1.71,0.07,6.61,0.04,2.99,4.75,6.2,4.776766473031383,0.037405367090404484,13.525039796666679,0.025697898337470517,-7.783039796666679,0.047543474620214396,121.64333317151416,6.97921165245342e-06,5.742
55,NGC_6256,1.09,7.24,0.29,111000.0,2780.0,1.87,0.2,10.56,0.11,2.94,4.21,5.4,3.8883948045365733,0.0486925115162688,14.298692830985736,0.08697886723200483,-7.117692830985736,0.14023310359883903,83.75946091628472,1.6265526453086282e-05,7.181
57,NGC_6266,0.47,6.03,0.09,581000.0,4090.0,2.15,0.12,6.6,0.06,1.74,2.91,14.8,10.700189877218342,0.037662458345802945,13.901586560700757,0.03241003596292923,-8.758586560700756,0.06819391784549679,59.51919617058469,4.306823729903838e-06,5.143
58,NGC_6273,0.38,8.34,0.16,719000.0,36700.0,2.32,0.15,6.88,0.04,3.16,4.7,11.6,9.366243170289534,0.2390411156812419,14.605830253188692,0.04165894310822559,-8.903830253188692,0.05775350674110081,78.15308831529492,7.269003896374048e-06,5.702
59,NGC_6284,0.28,14.21,0.42,174000.0,29300.0,1.79,0.33,8.99,0.08,2.94,4.04,6.8,4.969742125928481,0.4184294376140934,15.762970389637346,0.06418145052757415,-7.640970389637346,0.10256343691503053,42.67547654564691,6.11516875470995e-06,8.122
60,NGC_6287,0.6,7.93,0.37,130000.0,16000.0,2.52,0.35,9.4,0.07,1.94,2.81,6.8,5.150725778269352,0.31696774020119084,14.496365936588017,0.10131712377314196,-6.956365936588016,0.12314690239572479,50.460746044947086,1.1414504229797167e-05,7.540000000000001
61,NGC_6293,0.36,9.19,0.28,142000.0,11600.0,1.77,0.23,8.4,0.11,2.21,3.18,7.5,5.060349638425103,0.20669033734412398,14.816577556930557,0.06616020398961399,-7.532577556930557,0.128363439467581,49.602308271915135,7.326883010401507e-06,7.284000000000001
62,NGC_6304,0.54,6.15,0.15,103000.0,3560.0,1.29,0.09,8.18,0.07,1.83,3.05,5.7,4.400668001024995,0.07605037904683971,13.944375578877086,0.0529627416955185,-7.4383755788770864,0.0877784256403942,61.376355169370676,7.25758412836477e-06,6.505999999999999
63,NGC_6316,0.54,11.15,0.39,347000.0,43700.0,2.83,0.57,9.01,0.17,3.15,6.08,7.6,5.720880293381179,0.3602341049290454,15.236374336920896,0.07595284661088259,-7.900374336920897,0.18619568982201568,58.27211860024222,9.88155725592912e-06,7.335999999999999
64,NGC_6341,0.02,8.5,0.07,273000.0,4740.0,1.68,0.05,6.51,0.03,2.03,3.59,9.1,6.603649464328162,0.05732838545955217,14.647094628571466,0.017882713960722132,-8.199094628571466,0.03492551300412073,49.26088808480623,1.966781894741709e-06,6.4479999999999995
65,NGC_6325,0.91,7.53,0.32,61900.0,2130.0,2.2,0.11,10.9,0.04,1.72,2.38,5.3,3.8619509954231916,0.06644552197295152,14.383974881003503,0.09228036800069093,-6.304974881003503,0.10057666885686235,47.11493500329423,9.707076453505763e-06,8.079
66,NGC_6333,0.38,8.3,0.14,308000.0,23200.0,2.04,0.17,7.65,0.04,2.74,3.81,8.6,6.808677801843388,0.2564307224070887,14.59539046188037,0.036627245461720026,-8.12339046188037,0.0542361052262521,68.09223476946413,5.568296678697285e-06,6.472
67,NGC_6342,0.46,8.01,0.23,37700.0,999.0,1.63,0.11,9.86,0.07,1.48,1.86,4.6,3.4092913429271863,0.04517084949050741,14.518162580421187,0.06235189190870656,-6.084162580421188,0.0937430446731651,38.11134953455047,5.305477834025841e-06,8.434
68,NGC_6356,0.28,15.66,0.92,565000.0,80100.0,2.59,0.4,8.32,0.07,3.99,7.73,8.1,6.4741743327954415,0.4589215611123141,15.973958788609622,0.12757053746838815,-8.521958788609622,0.14551371766941226,52.55405869201374,1.4968462008373124e-05,7.452
69,NGC_6355,0.77,8.65,0.22,99100.0,2570.0,1.61,0.11,10.04,0.07,2.36,3.34,5.6,4.124900780083412,0.0534863521938162,14.685080537324072,0.055228200010818136,-7.032080537324074,0.08916363651419189,56.2757145277221,6.9390886611921795e-06,7.652999999999999
70,NGC_6352,0.22,5.54,0.07,60200.0,2120.0,2.05,0.1,8.06,0.04,3.23,4.8,3.4,2.6818071211207566,0.047221188511428605,13.71754882364215,0.0274373770155484,-6.339548823642151,0.04850576932173475,120.25907016023532,7.3668340243766155e-06,7.378
72,NGC_6366,0.71,3.44,0.05,46600.0,1910.0,2.12,0.12,8.85,0.04,3.78,6.42,2.5,2.040212278897336,0.04181121730358275,12.682792212857649,0.03156209897552702,-6.03379221285765,0.05095258670313965,226.65135285099444,1.597145178081973e-05,6.648999999999999
73,HP_1,1.12,7.0,0.14,137000.0,19100.0,3.64,0.63,11.07,0.11,3.1,4.19,5.4,4.330152431427147,0.30184639211773184,14.225490200071285,0.043429448190325175,-6.627490200071285,0.11826291460181479,91.34583679491516,8.85714112005865e-06,7.598
74,NGC_6362,0.09,7.65,0.07,117000.0,3020.0,1.73,0.08,7.45,0.04,5.13,7.24,3.7,3.044202655600554,0.03928842743552851,14.418307175768089,0.019869682178580147,-7.247307175768088,0.04466323174466651,138.3187316910745,6.136098740089762e-06,7.171
76,NGC_6380,1.17,9.61,0.3,341000.0,4820.0,2.96,0.33,10.7,0.12,3.14,4.42,8.3,6.651444436698756,0.04700874220658065,14.913616938342727,0.06778790040113192,-7.840616938342728,0.13782307296238094,67.39557425257073,1.0200091816333086e-05,7.0729999999999995
77,Ton_2,1.24,6.99,0.34,43100.0,9140.0,0.94,0.21,11.66,0.06,2.86,4.26,3.0,2.4087057436680506,0.25540104985064943,14.222385878728407,0.10562240618534019,-6.406385878728406,0.12147465862632004,84.39446537161997,1.9901716067137058e-05,7.816000000000001
78,NGC_6388,0.37,11.17,0.16,1310000.0,11400.0,2.3,0.07,6.82,0.03,2.61,5.37,16.3,11.82764872375956,0.05146381505757977,15.240265865578046,0.031104349643921343,-9.567265865578046,0.04321435602634048,48.196162444703354,3.3469877285123527e-06,5.673
79,NGC_6402,0.6,9.14,0.25,595000.0,29400.0,2.13,0.16,7.87,0.06,3.54,4.92,10.2,8.327714814343745,0.20574354247202195,14.804730978669156,0.05939475956007272,-8.794730978669156,0.08442592885600282,79.8881157115898,1.0593776690851142e-05,6.01
80,NGC_6401,0.72,7.44,0.22,121000.0,2060.0,1.83,0.09,9.97,0.05,2.31,3.17,6.0,4.6785682229950805,0.03982582867508209,14.357864677729392,0.06421020565773883,-6.619864677729391,0.08138151209340556,64.04189343012531,9.180973794105636e-06,7.738000000000001
81,NGC_6397,0.18,2.48,0.02,82400.0,1350.0,1.42,0.06,5.45,0.04,2.17,3.16,5.4,3.866962648996461,0.03167718189408509,11.972258404131082,0.01751187427029241,-7.080258404131082,0.043665383777753856,180.48165940579523,7.056446210311596e-06,4.892
82,Pal_6,1.46,7.05,0.45,85600.0,19000.0,1.39,0.32,11.6,0.06,2.27,2.91,5.1,4.107147505629001,0.4558166040125643,14.240945584956993,0.13860462188401654,-7.166945584956993,0.15103390747647097,66.41433957446661,2.055228397155346e-05,7.074
83,NGC_6426,0.36,20.71,0.35,73100.0,24400.0,2.03,0.68,11.13,0.04,5.2,7.88,2.8,2.306457690961869,0.3849354833069057,16.580900494467265,0.03669798857222069,-6.566900494467264,0.054283905213671206,51.79029309246318,4.243372551717752e-06,10.014000000000001
84,NGC_6440,1.07,8.25,0.24,569000.0,45300.0,1.81,0.26,8.97,0.13,1.32,2.8,14.0,10.795108960059386,0.4297174304839105,14.582269742749624,0.0631701064586548,-8.929269742749623,0.14453533253152248,33.00236871791521,4.654545335389094e-06,5.6530000000000005
85,NGC_6441,0.47,12.73,0.16,1390000.0,14700.0,1.86,0.14,7.12,0.08,2.14,4.3,17.6,13.615170523462385,0.07199388730032269,15.524142018268279,0.027292661863519353,-9.861142018268279,0.0845274475634773,34.67452326871555,2.1128902372238193e-06,5.663
86,NGC_6453,0.64,10.07,0.22,168000.0,3690.0,1.49,0.18,9.19,0.13,2.76,3.87,7.1,4.989408597433966,0.05479439798967659,15.01514735276809,0.04744031083352303,-7.80914735276809,0.13838563181190916,56.53335163722181,5.987875875689998e-06,7.2059999999999995
88,NGC_6496,0.15,9.64,0.15,74400.0,7400.0,1.76,0.23,8.65,0.09,4.26,7.01,3.0,2.4670467053398255,0.12268915066878164,14.920385169514155,0.03378847110243141,-6.735385169514155,0.09613355698942926,91.15020927540785,6.87617158810528e-06,8.185
89,NGC_6517,1.08,9.23,0.56,216000.0,24300.0,2.6,0.32,10.69,0.05,1.7,2.88,9.2,6.558137898852295,0.3688952568104416,14.826008505129561,0.13174697175829955,-7.484008505129562,0.14091580666299355,37.990267243231514,1.1174639761122009e-05,7.341999999999999
90,NGC_6522,0.48,7.29,0.21,214000.0,11300.0,2.46,0.15,8.28,0.03,2.48,3.15,8.2,6.241680331984155,0.164792027456591,14.313637641589875,0.06255270315478934,-7.521637641589875,0.06937463997723657,70.16964331403457,9.799769677678172e-06,6.792
91,NGC_6535,0.34,6.36,0.12,19800.0,1930.0,2.38,0.25,10.1,0.04,2.7,3.43,2.5,1.8194304040037768,0.08867425958907296,14.01728557824207,0.040971177538042615,-4.971285578242071,0.05725938690602448,87.56524267462743,8.009966516537718e-06,9.046
92,NGC_6528,0.54,7.83,0.24,94400.0,9140.0,2.97,0.4,9.71,0.1,2.45,5.01,4.6,3.2871312635615215,0.159133367314366,14.468808810289715,0.06655854128785467,-6.432808810289714,0.12012509903582622,64.54007136822305,9.590776256487484e-06,8.036000000000001
93,NGC_6539,1.02,8.16,0.39,215000.0,16200.0,1.97,0.16,9.94,0.04,3.69,5.16,6.0,4.888147382550457,0.18415811069143584,14.558450793769307,0.10378360780776237,-7.780450793769308,0.11122516464179964,93.2741523494449,2.1612776722268343e-05,6.777999999999999
94,NGC_6540,0.66,5.91,0.27,56200.0,3680.0,2.27,0.27,9.74,0.11,2.65,4.49,3.8,2.6791368629457173,0.08771551295053595,13.857937404406279,0.09920432327739254,-6.163937404406279,0.14812662744059696,92.48759727957892,2.0484934941910508e-05,7.694
95,NGC_6544,0.76,2.58,0.06,81500.0,5650.0,2.3,0.52,7.86,0.23,1.54,2.24,6.3,4.567775049111234,0.15833085292931579,12.05809852981615,0.050499358360843224,-6.55409852981615,0.2354786300173688,123.11928833169146,1.388137237529855e-05,5.504
96,NGC_6541,0.14,7.61,0.1,257000.0,3290.0,1.53,0.06,6.61,0.04,2.29,3.81,9.2,6.219478724501417,0.03980950389807327,14.406923283852862,0.028534460046205763,-8.230923283852862,0.04913466607323706,62.069171097034065,3.954268266276336e-06,6.176
97,NGC_6553,0.63,5.33,0.13,229000.0,8940.0,2.59,0.18,8.04,0.06,2.3,2.88,8.5,6.752605995021163,0.13180851003381922,13.63363604513286,0.052962741695518505,-7.546636045132861,0.08003156882072358,89.00732174894434,1.0524868767303353e-05,6.086999999999999
98,NGC_6558,0.44,7.79,0.18,31300.0,961.0,1.27,0.08,9.66,0.06,1.54,1.96,4.1,3.0261750464422743,0.04645613769378634,14.45768728836282,0.050175228974701745,-6.16168728836282,0.07821479145701118,40.776353977217255,4.5679179417133285e-06,8.296
99,IC_1276,1.08,4.55,0.25,74300.0,6960.0,1.81,0.2,9.92,0.06,3.2,4.98,3.7,2.9250254437213967,0.1369998458162915,13.290056983285563,0.11931167085254168,-6.718056983285564,0.13354877311913144,145.06533432201172,3.8642656891640794e-05,6.571999999999999
100,NGC_6569,0.53,10.53,0.26,229000.0,21000.0,2.17,0.21,8.9,0.04,2.6,3.46,7.6,6.1606935238752,0.2824772139768105,15.112141855927433,0.053616602704105155,-7.8551418559274335,0.06689349808112785,50.929580754410225,6.096631239345755e-06,7.257
101,BH_261,0.36,6.12,0.26,23800.0,5680.0,8.52,2.06,11.26,0.04,2.94,4.45,2.2,1.7512912819867945,0.20897761516144941,13.933757110727807,0.09225209582912211,-3.789757110727807,0.10055072940991293,99.08798753552222,2.040881241174305e-05,10.144
102,NGC_6584,0.1,13.61,0.17,115000.0,5070.0,1.51,0.08,8.76,0.03,3.47,5.37,4.4,3.5043840098859294,0.07724881273965942,15.669290626016675,0.027123461397337546,-7.219290626016676,0.040443567574743704,52.589188991087546,3.1846529929418925e-06,8.45
103,NGC_6624,0.28,8.02,0.11,103000.0,1890.0,1.37,0.09,8.03,0.07,1.7,2.25,7.0,5.123624173419013,0.0470080081930191,14.520871841420817,0.029783287412317765,-7.358871841420818,0.0760726245707661,43.72196575665085,2.907320097478326e-06,7.161999999999999
104,NGC_6626,0.4,5.37,0.1,270000.0,17400.0,1.94,0.16,6.85,0.06,1.61,2.33,10.4,8.151805974931017,0.26266930363666613,13.649871428497779,0.04043710259806813,-8.03987142849778,0.07235440046415068,61.841029442756046,5.583123897783208e-06,5.609999999999999
105,NGC_6638,0.41,9.78,0.34,124000.0,22900.0,1.56,0.32,8.79,0.1,1.84,2.28,7.0,5.584616199749871,0.5156762539285165,14.951694273938006,0.07549086086252843,-7.432694273938007,0.1252951318837473,38.80646615712713,6.540621462105712e-06,7.518999999999999
106,NGC_6637,0.18,8.9,0.1,138000.0,2470.0,1.53,0.06,7.62,0.04,2.41,3.19,6.3,4.980742783316911,0.0445740386767854,14.746950033224564,0.024398566399059088,-7.684950033224564,0.04685392237934083,55.85372706803806,3.042544910094621e-06,7.062
107,NGC_6642,0.4,8.05,0.2,39500.0,1270.0,1.4,0.08,9.65,0.05,1.37,1.73,5.0,3.618473604532724,0.05817039845261468,14.528979401839344,0.05394962508114928,-6.1189794018393435,0.07355652279979372,35.10345115904808,4.228231813032393e-06,8.41
108,NGC_6652,0.09,9.46,0.14,40900.0,1540.0,1.53,0.08,8.92,0.04,1.46,1.85,4.8,3.560620619498634,0.0670336889245464,14.879455682008963,0.0321359553205366,-6.238455682008963,0.05131003434381549,31.83368020399127,2.2840131937678785e-06,8.641
109,NGC_6656,0.34,3.3,0.04,470000.0,5770.0,2.02,0.08,5.06,0.04,3.18,5.21,9.1,7.19250181277224,0.044149718574144486,12.592569699389436,0.026320877691106172,-8.586569699389436,0.047883072190808416,198.76420631430747,1.1680429924960553e-05,4.005999999999999
110,Pal_8,0.32,11.32,0.63,71300.0,15300.0,2.9,0.68,10.11,0.1,3.46,6.14,3.2,2.5805393865611954,0.2768741417558646,15.269232134261262,0.12085049628933242,-6.151232134261264,0.15685930783150215,63.0456013595477,1.701076143691681e-05,9.117999999999999
111,NGC_6681,0.07,9.36,0.11,105000.0,2120.0,1.68,0.07,7.91,0.04,2.16,3.04,6.5,4.450489394308371,0.04492875007587498,14.856379243690526,0.025519440710126975,-7.1633792436905255,0.04744725338897591,47.59956982744409,2.712031413757696e-06,7.6930000000000005
112,NGC_6712,0.45,7.38,0.24,95000.0,7080.0,1.56,0.12,8.6,0.03,2.55,3.5,4.9,3.9452787488142818,0.14701354495581637,14.340281809115208,0.070616988927358,-7.135281809115208,0.07672521831292892,71.27035704580629,1.1236696391282778e-05,7.205
113,NGC_6715,0.15,26.28,0.33,1590000.0,28400.0,1.87,0.11,7.57,0.06,3.58,5.78,17.2,12.559852976458682,0.11216975614195804,17.098126804438717,0.027267347608080875,-9.993126804438717,0.06590529755323098,28.098477998358295,1.7105912125308682e-06,7.105
114,NGC_6717,0.22,7.52,0.13,26300.0,1860.0,1.14,0.09,8.98,0.03,2.63,3.26,2.9,2.1508938951368997,0.0760582251892516,14.381089202958211,0.03753875176025447,-6.083089202958211,0.048053697919286174,72.13782158409511,6.045933506763568e-06,8.298
115,NGC_6723,0.05,8.27,0.1,197000.0,3660.0,2.24,0.09,7.21,0.04,3.64,5.07,5.9,4.72040265668233,0.043849425694054124,14.587527547762733,0.026257223815190557,-7.532527547762733,0.04784811179640227,90.78643848314344,5.322188845379078e-06,7.055
116,NGC_6749,1.5,7.59,0.21,205000.0,41100.0,1.35,0.28,10.91,0.06,4.17,6.1,5.4,4.389973773792823,0.4400681026899634,14.401208879477402,0.06008026429491625,-8.141208879477402,0.08490958813789518,113.32334064665294,1.520098277276339e-05,6.26
117,NGC_6752,0.04,4.12,0.04,261000.0,3340.0,2.21,0.11,5.35,0.05,2.86,4.75,7.7,5.61336602268967,0.035916939685409,13.074486080165673,0.02108225640307047,-7.8484860801656735,0.054262892800189026,143.18379881323852,6.739557502657852e-06,5.226
118,NGC_6760,0.77,8.41,0.43,286000.0,25600.0,1.91,0.19,8.89,0.05,3.35,5.74,6.6,5.345360290679649,0.23923290811433393,14.62397997898956,0.11102653223448172,-8.12097997898956,0.12176572120270306,82.16255224509308,2.0366725126709574e-05,6.503
119,NGC_6779,0.26,10.43,0.14,166000.0,7570.0,1.55,0.1,8.15,0.05,2.96,4.42,5.8,4.640799675024886,0.10581582391547707,15.091421542132654,0.029147280664647772,-7.7474215421326535,0.05787541766712142,58.537278053712306,3.8093519102741496e-06,7.344
120,Pal_10,1.66,8.94,1.18,125000.0,21000.0,1.45,0.25,12.37,0.03,4.03,6.91,3.9,3.2208158556140574,0.27054853187158084,14.756687593979589,0.28661492653570303,-7.532687593979589,0.288180700452106,92.98066139498792,5.949930976179326e-05,7.223999999999999
122,NGC_6809,0.08,5.35,0.05,197000.0,5520.0,2.1,0.08,6.29,0.03,4.6,6.78,5.0,4.08195468195193,0.05718880671161079,13.641768910106144,0.020294134668376252,-7.599768910106144,0.03621949615798363,177.34913549964955,8.03563035954447e-06,6.042
124,NGC_6838,0.25,4.0,0.05,37800.0,1380.0,0.99,0.05,7.16,0.03,3.32,4.81,2.6,2.122869387596602,0.03875079040850939,13.010299956639813,0.027143405118953235,-6.625299956639813,0.040456945527951274,171.19974987192796,1.0374992852667424e-05,6.385
125,NGC_6864,0.16,20.52,0.45,459000.0,58400.0,2.05,0.27,8.51,0.04,2.05,2.94,12.3,9.461992299416893,0.601939379396456,16.560886782198892,0.047620008980619716,-8.546886782198893,0.062190555997790394,20.606376773870245,2.19084502447328e-06,8.014
126,NGC_6934,0.1,15.72,0.17,150000.0,3730.0,1.67,0.06,8.74,0.03,2.96,4.71,5.5,4.273513583002059,0.05313401888199227,15.982262708516942,0.023482844123267427,-7.552262708516942,0.03809782104159863,38.838665348332114,2.0362708003896502e-06,8.43
127,NGC_6981,0.05,16.66,0.18,81200.0,12800.0,1.59,0.26,9.32,0.04,4.14,5.79,3.5,2.8358851957462923,0.22351804498492944,16.108374985353848,0.02346128653739055,-6.943374985353847,0.04637275025259493,51.256679488929684,2.6848672985969237e-06,9.165000000000001
128,NGC_7006,0.05,39.32,0.56,132000.0,35100.0,1.54,0.41,10.69,0.04,4.31,6.59,4.2,3.3891763797456123,0.4506064050343597,17.97306754580049,0.030926361885277337,-7.4380675458004895,0.050561248594740364,22.609392455862267,1.561127138853093e-06,10.535
129,NGC_7078,0.1,10.71,0.1,518000.0,6560.0,1.29,0.08,6.28,0.07,2.03,3.66,13.1,9.00895152057875,0.0570450984314639,15.148947354159276,0.020275185896510353,-9.178947354159275,0.07287717861675254,39.09594319955874,1.7697710256821732e-06,5.970000000000001
130,NGC_7089,0.06,11.69,0.11,624000.0,7950.0,1.76,0.07,6.48,0.04,3.05,4.76,11.1,8.67039196465778,0.05523206419794019,15.339072555809203,0.020433016684926305,-9.045072555809202,0.04491668031863527,53.81588064830639,2.455067700320239e-06,6.2940000000000005
131,NGC_7099,0.03,8.46,0.09,121000.0,2620.0,1.61,0.08,7.37,0.05,2.54,4.27,5.9,4.031147231149007,0.043642998948803295,14.636851815195119,0.023100770314002747,-7.359851815195118,0.05507854018672164,61.928202378896735,3.1940040378245497e-06,7.277
